"S.No","Project Name","Category","Live Vercel Deployment URL","GitHub Repository URL","Student Name","College ID / Roll No","Architecture","Deployment Status"
"1","Nexus E-Commerce Platform","E-Commerce & Retail","https://01-ecommerce-platform-67tnexag3-sais-projects-d9375997.vercel.app","https://github.com/SaiVatsal/01-ecommerce-platform","SaiVatsal","2500040224","Node.js + Express REST API + Tailwind CSS + Vercel Serverless","Live & Verified"
"2","BistroBite Food Delivery Network","Food & Beverage","https://02-food-delivery-system-69lvtxsoq-sais-projects-d9375997.vercel.app","https://github.com/SaiVatsal/02-food-delivery-system","SaiVatsal","2500040224","Node.js + Express REST API + Tailwind CSS + Vercel Serverless","Live & Verified"
"3","StockMaster Pro Inventory System","Logistics & Supply Chain","https://03-inventory-management-system-7q1zyet8v-sais-projects-d9375997.vercel.app","https://github.com/SaiVatsal/03-inventory-management-system","SaiVatsal","2500040224","Node.js + Express REST API + Tailwind CSS + Vercel Serverless","Live & Verified"
"4","EduVanguard LMS Platform","EdTech & Training","https://04-learning-management-system-hgapjmpaz-sais-projects-d9375997.vercel.app","https://github.com/SaiVatsal/04-learning-management-system","SaiVatsal","2500040224","Node.js + Express REST API + Tailwind CSS + Vercel Serverless","Live & Verified"
"5","PulseNet Community Platform","Social Networking","https://05-social-media-platform-50trknpqx-sais-projects-d9375997.vercel.app","https://github.com/SaiVatsal/05-social-media-platform","SaiVatsal","2500040224","Node.js + Express REST API + Tailwind CSS + Vercel Serverless","Live & Verified"
"6","MediCare Specialist Appointment Portal","Healthcare & Telemedicine","https://06-healthcare-appointment-system-ei12exz91.vercel.app","https://github.com/SaiVatsal/06-healthcare-appointment-system","SaiVatsal","2500040224","Node.js + Express REST API + Tailwind CSS + Vercel Serverless","Live & Verified"
"7","WorkforceHR Enterprise Suite","Human Resources","https://07-employee-management-system-nj8ld8ujj-sais-projects-d9375997.vercel.app","https://github.com/SaiVatsal/07-employee-management-system","SaiVatsal","2500040224","Node.js + Express REST API + Tailwind CSS + Vercel Serverless","Live & Verified"
"8","StreamCrest Cinema & Video Hub","Digital Media & Streaming","https://08-video-streaming-platform-e0t0vdme3-sais-projects-d9375997.vercel.app","https://github.com/SaiVatsal/08-video-streaming-platform","SaiVatsal","2500040224","Node.js + Express REST API + Tailwind CSS + Vercel Serverless","Live & Verified"
"9","SmartLedger Personal Expense Tracker","Finance & Budgeting","https://09-expense-tracker-70zpjqoit-sais-projects-d9375997.vercel.app","https://github.com/SaiVatsal/09-expense-tracker","SaiVatsal","2500040224","Node.js + Express REST API + Tailwind CSS + Vercel Serverless","Live & Verified"
"10","TestMaster Pro Online Examination Portal","Assessment & Testing","https://10-online-examination-system-7pv27his7-sais-projects-d9375997.vercel.app","https://github.com/SaiVatsal/10-online-examination-system","SaiVatsal","2500040224","Node.js + Express REST API + Tailwind CSS + Vercel Serverless","Live & Verified"
"11","Velocity Auto Fleet & Rental System","Automotive & Travel","https://11-car-rental-system-4keso1j55-sais-projects-d9375997.vercel.app","https://github.com/SaiVatsal/11-car-rental-system","SaiVatsal","2500040224","Node.js + Express REST API + Tailwind CSS + Vercel Serverless","Live & Verified"
"12","AeroCast Meteorological Intelligence","Weather & Meteorology","https://12-weather-9613q5gxn-sais-projects-d9375997.vercel.app","https://github.com/SaiVatsal/12-weather-app","SaiVatsal","2500040224","Node.js + Express REST API + Tailwind CSS + Vercel Serverless","Live & Verified"
"13","CivicTrust Secure E-Voting Portal","Governance & E-Voting","https://13-online-voting-system-8k927tnc4-sais-projects-d9375997.vercel.app","https://github.com/SaiVatsal/13-online-voting-system","SaiVatsal","2500040224","Node.js + Express REST API + Tailwind CSS + Vercel Serverless","Live & Verified"
"14","FitPulse Athletic & Nutrition Suite","Health & Fitness","https://14-fitness-tracker-j1nep0wfy-sais-projects-d9375997.vercel.app","https://github.com/SaiVatsal/14-fitness-tracker","SaiVatsal","2500040224","Node.js + Express REST API + Tailwind CSS + Vercel Serverless","Live & Verified"
"15","CloudVault Secure File Sharing Platform","Cloud Storage & Security","https://15-file-sharing-platform-izkgiz0az-sais-projects-d9375997.vercel.app","https://github.com/SaiVatsal/15-file-sharing-platform","SaiVatsal","2500040224","Node.js + Express REST API + Tailwind CSS + Vercel Serverless","Live & Verified"
"16","OmniPress Enterprise CMS","Content Management","https://16-content-management-system-rof8et1fn-sais-projects-d9375997.vercel.app","https://github.com/SaiVatsal/16-content-management-system","SaiVatsal","2500040224","Node.js + Express REST API + Tailwind CSS + Vercel Serverless","Live & Verified"
"17","AuraBank Educational Digital Banking Suite","FinTech & Banking Simulation","https://17-online-banking-system-mohdh3p4v-sais-projects-d9375997.vercel.app","https://github.com/SaiVatsal/17-online-banking-system","SaiVatsal","2500040224","Node.js + Express REST API + Tailwind CSS + Vercel Serverless","Live & Verified"
"18","Vanguard EventHub & Conference Suite","Events & Hospitality","https://18-event-management-system-6l8v8anyq-sais-projects-d9375997.vercel.app","https://github.com/SaiVatsal/18-event-management-system","SaiVatsal","2500040224","Node.js + Express REST API + Tailwind CSS + Vercel Serverless","Live & Verified"
"19","EHR-Nexus Electronic Health Records","Healthcare & EHR","https://19-health-records-system-4od6jkbms-sais-projects-d9375997.vercel.app","https://github.com/SaiVatsal/19-health-records-system","SaiVatsal","2500040224","Node.js + Express REST API + Tailwind CSS + Vercel Serverless","Live & Verified"
"20","WanderLust Global Travel & Flight Booking","Travel & Tourism","https://20-travel-booking-platform-mjt88khmw-sais-projects-d9375997.vercel.app","https://github.com/SaiVatsal/20-travel-booking-platform","SaiVatsal","2500040224","Node.js + Express REST API + Tailwind CSS + Vercel Serverless","Live & Verified"
"21","SkillCore Student Learning Hub","Education","https://21-learning-n8v1yu683-sais-projects-d9375997.vercel.app","https://github.com/SaiVatsal/21-learning-hub","SaiVatsal","2500040224","Node.js + Express REST API + Tailwind CSS + Vercel Serverless","Live & Verified"
"22","ApexCare Hospital Management Suite","Healthcare","https://22-hospital-management-system-plx5ex444-sais-projects-d9375997.vercel.app","https://github.com/SaiVatsal/22-hospital-management-system","SaiVatsal","2500040224","Node.js + Express REST API + Tailwind CSS + Vercel Serverless","Live & Verified"
"23","Lumina Online Art & Auction Gallery","Art & Auctions","https://23-online-art-gallery-1avbjmhmb-sais-projects-d9375997.vercel.app","https://github.com/SaiVatsal/23-online-art-gallery","SaiVatsal","2500040224","Node.js + Express REST API + Tailwind CSS + Vercel Serverless","Live & Verified"
"24","PipelinePro Enterprise CRM","Sales & CRM","https://24-crm-system-nicfln1w1-sais-projects-d9375997.vercel.app","https://github.com/SaiVatsal/24-crm-system","SaiVatsal","2500040224","Node.js + Express REST API + Tailwind CSS + Vercel Serverless","Live & Verified"
"25","GlobalPulse News Aggregator","News & Media","https://25-news-aggregator-a6iz0m74w-sais-projects-d9375997.vercel.app","https://github.com/SaiVatsal/25-news-aggregator","SaiVatsal","2500040224","Node.js + Express REST API + Tailwind CSS + Vercel Serverless","Live & Verified"
"26","SplitFair Group Expense App","FinTech","https://26-expense-sharing-g9xwofo0c-sais-projects-d9375997.vercel.app","https://github.com/SaiVatsal/26-expense-sharing-app","SaiVatsal","2500040224","Node.js + Express REST API + Tailwind CSS + Vercel Serverless","Live & Verified"
"27","GourmetCraft Recipe & Cooking App","Food & Culinary","https://27-food-recipe-34ewgdmz7-sais-projects-d9375997.vercel.app","https://github.com/SaiVatsal/27-food-recipe-app","SaiVatsal","2500040224","Node.js + Express REST API + Tailwind CSS + Vercel Serverless","Live & Verified"
"28","EstatePrime Property Management","Real Estate","https://28-property-management-system-g0ysxoqjp-sais-projects-d9375997.vercel.app","https://github.com/SaiVatsal/28-property-management-system","SaiVatsal","2500040224","Node.js + Express REST API + Tailwind CSS + Vercel Serverless","Live & Verified"
"29","BidMaster Real-Time Auction Hub","Auctions & Commerce","https://29-online-auction-system-6hgyu6x9g-sais-projects-d9375997.vercel.app","https://github.com/SaiVatsal/29-online-auction-system","SaiVatsal","2500040224","Node.js + Express REST API + Tailwind CSS + Vercel Serverless","Live & Verified"
"30","DevCraft Masterclass Portfolio","Portfolio & Career","https://30-personal-portfolio-website-e9im4upri-sais-projects-d9375997.vercel.app","https://github.com/SaiVatsal/30-personal-portfolio-website","SaiVatsal","2500040224","Node.js + Express REST API + Tailwind CSS + Vercel Serverless","Live & Verified"
"31","SwiftRide Mobility Platform","Transportation","https://31-ride-sharing-3jxg2ktd7-sais-projects-d9375997.vercel.app","https://github.com/SaiVatsal/31-ride-sharing-app","SaiVatsal","2500040224","Node.js + Express REST API + Tailwind CSS + Vercel Serverless","Live & Verified"
"32","FreshPantry Supermarket & Grocer","Retail & Grocery","https://32-online-grocery-store-vuzixkvn7-sais-projects-d9375997.vercel.app","https://github.com/SaiVatsal/32-online-grocery-store","SaiVatsal","2500040224","Node.js + Express REST API + Tailwind CSS + Vercel Serverless","Live & Verified"
"33","SoundWave Music Player & Catalog","Media & Audio","https://33-music-streaming-2y62mm5b8-sais-projects-d9375997.vercel.app","https://github.com/SaiVatsal/33-music-streaming-app","SaiVatsal","2500040224","Node.js + Express REST API + Tailwind CSS + Vercel Serverless","Live & Verified"
"34","DevAgora Discussion Forum","Community & Discussions","https://34-forum-application-3ot0wb8fz-sais-projects-d9375997.vercel.app","https://github.com/SaiVatsal/34-forum-application","SaiVatsal","2500040224","Node.js + Express REST API + Tailwind CSS + Vercel Serverless","Live & Verified"
"35","BoxOffice Cine & Event Ticketing","Entertainment","https://35-online-ticket-booking-lr7uo4vpo-sais-projects-d9375997.vercel.app","https://github.com/SaiVatsal/35-online-ticket-booking","SaiVatsal","2500040224","Node.js + Express REST API + Tailwind CSS + Vercel Serverless","Live & Verified"
"36","AcademiaPlus Student Report System","Academic ERP","https://36-student-report-system-qyfdtlf2y-sais-projects-d9375997.vercel.app","https://github.com/SaiVatsal/36-student-report-system","SaiVatsal","2500040224","Node.js + Express REST API + Tailwind CSS + Vercel Serverless","Live & Verified"
"37","KanbanFlow Agile Task Manager","Productivity","https://37-task-management-system-g61a1b8sp-sais-projects-d9375997.vercel.app","https://github.com/SaiVatsal/37-task-management-system","SaiVatsal","2500040224","Node.js + Express REST API + Tailwind CSS + Vercel Serverless","Live & Verified"
"38","QuizCraft Assessment Builder","E-Learning","https://38-quiz-builder-h1ccejahb-sais-projects-d9375997.vercel.app","https://github.com/SaiVatsal/38-quiz-builder","SaiVatsal","2500040224","Node.js + Express REST API + Tailwind CSS + Vercel Serverless","Live & Verified"
"39","SurplusFeed Waste Prevention System","Sustainability","https://39-food-waste-management-system-awrtt6dxz.vercel.app","https://github.com/SaiVatsal/39-food-waste-management-system","SaiVatsal","2500040224","Node.js + Express REST API + Tailwind CSS + Vercel Serverless","Live & Verified"
"40","PawsHaven Pet Adoption Network","Animals & Welfare","https://40-pet-adoption-platform-85gfxcdhg-sais-projects-d9375997.vercel.app","https://github.com/SaiVatsal/40-pet-adoption-platform","SaiVatsal","2500040224","Node.js + Express REST API + Tailwind CSS + Vercel Serverless","Live & Verified"
"41","KindredHeart Charitable Giving Platform","Charity & Philanthropy","https://41-online-donation-platform-hid9dumwe-sais-projects-d9375997.vercel.app","https://github.com/SaiVatsal/41-online-donation-platform","SaiVatsal","2500040224","Node.js + Express REST API + Tailwind CSS + Vercel Serverless","Live & Verified"
"42","ResQNet Disaster Coordination Center","Emergency Management","https://42-disaster-management-system-hxxkf4ieu-sais-projects-d9375997.vercel.app","https://github.com/SaiVatsal/42-disaster-management-system","SaiVatsal","2500040224","Node.js + Express REST API + Tailwind CSS + Vercel Serverless","Live & Verified"
"43","CapitalWise Personal Budget Planner","Personal Finance","https://43-budget-planner-ioxq61382-sais-projects-d9375997.vercel.app","https://github.com/SaiVatsal/43-budget-planner","SaiVatsal","2500040224","Node.js + Express REST API + Tailwind CSS + Vercel Serverless","Live & Verified"
"44","LifeDrop Blood Bank Registry","Medical & Blood Banking","https://44-blood-banking-system-48lb4ru1y-sais-projects-d9375997.vercel.app","https://github.com/SaiVatsal/44-blood-banking-system","SaiVatsal","2500040224","Node.js + Express REST API + Tailwind CSS + Vercel Serverless","Live & Verified"
"45","KisanDirect Farmer-Buyer Marketplace","Agriculture & AgriTech","https://45-agriculture-farmer-lkucbs90p-sais-projects-d9375997.vercel.app","https://github.com/SaiVatsal/45-agriculture-farmer-app","SaiVatsal","2500040224","Node.js + Express REST API + Tailwind CSS + Vercel Serverless","Live & Verified"
"46","GrandStay Luxury Hotel Booking","Hospitality","https://46-hotel-booking-platform-3z83bt40a-sais-projects-d9375997.vercel.app","https://github.com/SaiVatsal/46-hotel-booking-platform","SaiVatsal","2500040224","Node.js + Express REST API + Tailwind CSS + Vercel Serverless","Live & Verified"
"47","BiblioTech Library Management System","Library & Archival","https://47-online-library-management-ou9xi8ngh-sais-projects-d9375997.vercel.app","https://github.com/SaiVatsal/47-online-library-management","SaiVatsal","2500040224","Node.js + Express REST API + Tailwind CSS + Vercel Serverless","Live & Verified"
"48","VoiceMetrics Enterprise Feedback Hub","Customer Intelligence","https://48-feedback-management-system-4thdlka0r-sais-projects-d9375997.vercel.app","https://github.com/SaiVatsal/48-feedback-management-system","SaiVatsal","2500040224","Node.js + Express REST API + Tailwind CSS + Vercel Serverless","Live & Verified"
"49","TutorConnect Academic Mentor Finder","Tutoring & Education","https://49-home-tutor-finder-3qpsxfigq-sais-projects-d9375997.vercel.app","https://github.com/SaiVatsal/49-home-tutor-finder","SaiVatsal","2500040224","Node.js + Express REST API + Tailwind CSS + Vercel Serverless","Live & Verified"
"50","AuraHarmonics Cloud Audio Streaming","Streaming & Music","https://50-music-streaming-platform-35k946nlb-sais-projects-d9375997.vercel.app","https://github.com/SaiVatsal/50-music-streaming-platform","SaiVatsal","2500040224","Node.js + Express REST API + Tailwind CSS + Vercel Serverless","Live & Verified"
"51","GigSphere Freelancer & Client Marketplace","Freelance & Gig Economy","https://51-freelancer-marketplace-3jw0w1q0g-sais-projects-d9375997.vercel.app","https://github.com/SaiVatsal/51-freelancer-marketplace","SaiVatsal","2500040224","Node.js + Express REST API + Tailwind CSS + Vercel Serverless","Live & Verified"
"52","CareerPulse Job Application Tracker","Career Management","https://52-job-application-tracker-2vh2q0ob5-sais-projects-d9375997.vercel.app","https://github.com/SaiVatsal/52-job-application-tracker","SaiVatsal","2500040224","Node.js + Express REST API + Tailwind CSS + Vercel Serverless","Live & Verified"
"53","ScholarPeer Academic Journal Workflow","Academic Research","https://53-research-journal-management-aflqajl0p-sais-projects-d9375997.vercel.app","https://github.com/SaiVatsal/53-research-journal-management","SaiVatsal","2500040224","Node.js + Express REST API + Tailwind CSS + Vercel Serverless","Live & Verified"
"54","VentureForge Crowdfunding Platform","Crowdfunding & Startups","https://54-crowdfunding-platform-owdocthna-sais-projects-d9375997.vercel.app","https://github.com/SaiVatsal/54-crowdfunding-platform","SaiVatsal","2500040224","Node.js + Express REST API + Tailwind CSS + Vercel Serverless","Live & Verified"
"55","ArenaPro Sports League Management","Sports Management","https://55-sports-league-management-evbvgfnxj-sais-projects-d9375997.vercel.app","https://github.com/SaiVatsal/55-sports-league-management","SaiVatsal","2500040224","Node.js + Express REST API + Tailwind CSS + Vercel Serverless","Live & Verified"
"56","PaySwift Digital Wallet Simulation","Digital Payments","https://56-digital-wallet-5lqar0vyl-sais-projects-d9375997.vercel.app","https://github.com/SaiVatsal/56-digital-wallet-app","SaiVatsal","2500040224","Node.js + Express REST API + Tailwind CSS + Vercel Serverless","Live & Verified"
"57","EsportsGrid Tournament Portal","Esports & Gaming","https://57-gaming-tournament-portal-9x31xdsnc-sais-projects-d9375997.vercel.app","https://github.com/SaiVatsal/57-gaming-tournament-portal","SaiVatsal","2500040224","Node.js + Express REST API + Tailwind CSS + Vercel Serverless","Live & Verified"
"58","TradeVision Virtual Stock Trading Sim","FinTech & Stock Trading","https://58-virtual-stock-trading-igyhuism7-sais-projects-d9375997.vercel.app","https://github.com/SaiVatsal/58-virtual-stock-trading-app","SaiVatsal","2500040224","Node.js + Express REST API + Tailwind CSS + Vercel Serverless","Live & Verified"